fecha_hora,dispositivo,temperatura
2020-07-12 00:01,DISP_1,22.7
2020-07-12 00:01,DISP_2,19.7
2020-07-12 00:01,DISP_3,27.0
2020-07-12 06:00,DISP_1,22.0
2020-07-12 06:00,DISP_2,19.6
2020-07-12 06:00,DISP_3,25.4
2020-07-12 12:00,DISP_1,21.5
2020-07-12 12:00,DISP_2,19.5
2020-07-12 12:00,DISP_3,24.4
2020-07-12 18:00,DISP_1,21.6
2020-07-12 18:00,DISP_2,18.9
2020-07-12 18:00,DISP_3,28.2
2020-07-13 00:00,DISP_1,21.6
2020-07-13 00:00,DISP_2,18.9
2020-07-13 00:00,DISP_3,27.0
2020-07-13 06:00,DISP_1,22.0
2020-07-13 06:00,DISP_2,19.5
2020-07-13 06:00,DISP_3,24.7
2020-07-13 12:00,DISP_1,21.3
2020-07-13 12:00,DISP_2,19.5
2020-07-13 12:00,DISP_3,23.6
2020-07-13 18:00,DISP_1,22.3
2020-07-13 18:00,DISP_2,19.1
2020-07-13 18:00,DISP_3,25.0
2020-07-14 00:00,DISP_1,22.2
2020-07-14 00:00,DISP_2,19.0
2020-07-14 00:00,DISP_3,25.9
2020-07-14 06:00,DISP_1,22.6
2020-07-14 06:00,DISP_2,19.9
2020-07-14 06:00,DISP_3,23.8
2020-07-14 12:00,DISP_1,22.2
2020-07-14 12:00,DISP_2,19.9
2020-07-14 12:00,DISP_3,23.0
2020-07-14 18:00,DISP_1,22.4
2020-07-14 18:00,DISP_2,19.1
2020-07-14 18:00,DISP_3,26.0
2020-07-15 00:00,DISP_1,23.1
2020-07-15 00:00,DISP_2,18.9
2020-07-15 00:00,DISP_3,26.7
2020-07-15 06:00,DISP_1,22.7
2020-07-15 06:00,DISP_2,19.7
2020-07-15 06:00,DISP_3,25.5
2020-07-15 12:00,DISP_1,22.3
2020-07-15 12:00,DISP_2,19.8
2020-07-15 12:00,DISP_3,24.0
2020-07-15 18:00,DISP_1,22.8
2020-07-15 18:00,DISP_2,19.1
2020-07-15 18:00,DISP_3,28.0
2020-07-16 00:00,DISP_1,23.1
2020-07-16 00:00,DISP_2,18.7
2020-07-16 00:00,DISP_3,29.5
2020-07-16 06:00,DISP_1,22.9
2020-07-16 06:00,DISP_2,19.5
2020-07-16 06:00,DISP_3,26.1
2020-07-16 12:00,DISP_1,22.6
2020-07-16 12:00,DISP_2,19.2
2020-07-16 12:00,DISP_3,25.0
2020-07-16 18:00,DISP_1,22.0
2020-07-16 18:00,DISP_2,19.2
2020-07-16 18:00,DISP_3,26.5
2020-07-17 00:00,DISP_1,22.0
2020-07-17 00:00,DISP_2,19.7
2020-07-17 00:00,DISP_3,23.4
2020-07-17 06:00,DISP_1,22.4
2020-07-17 06:00,DISP_2,20.0
2020-07-17 06:00,DISP_3,23.7
2020-07-17 12:00,DISP_1,22.0
2020-07-17 12:00,DISP_2,19.7
2020-07-17 12:00,DISP_3,23.6
2020-07-17 18:00,DISP_1,21.6
2020-07-17 18:00,DISP_2,19.0
2020-07-17 18:00,DISP_3,26.5
2020-07-18 00:00,DISP_1,22.3
2020-07-18 00:00,DISP_2,18.9
2020-07-18 00:00,DISP_3,28.4
2020-07-18 06:00,DISP_1,22.7
2020-07-18 06:00,DISP_2,19.7
2020-07-18 06:00,DISP_3,24.9
2020-07-18 12:00,DISP_1,22.2
2020-07-18 12:00,DISP_2,20.1
2020-07-18 12:00,DISP_3,23.8
2020-07-18 18:00,DISP_1,22.0
2020-07-18 18:00,DISP_2,19.1
2020-07-18 18:00,DISP_3,28.8
2020-07-19 00:00,DISP_1,22.7
2020-07-19 00:00,DISP_2,19.2
2020-07-19 00:00,DISP_3,29.4
2020-07-19 06:00,DISP_1,23.0
2020-07-19 06:00,DISP_2,19.8
2020-07-19 06:00,DISP_3,27.6
2020-07-19 12:00,DISP_1,22.4
2020-07-19 12:00,DISP_2,19.9
2020-07-19 12:00,DISP_3,25.8
2020-07-19 18:00,DISP_1,22.4
2020-07-19 18:00,DISP_2,19.2
2020-07-19 18:00,DISP_3,29.5
2020-07-20 00:00,DISP_1,22.7
2020-07-20 00:00,DISP_2,19.3
2020-07-20 00:00,DISP_3,26.6
